url,jina,tarehe,faili
https://cgyaunzbdgkleistagbd.supabase.co/storage/v1/object/public/kush-gallery-imgs/1790948089499-kisiki2_2024-02-05.jpg,kisiki2_2024-02-05,2024-02-05,1790948089499-kisiki2_2024-02-05.jpg
https://cgyaunzbdgkleistagbd.supabase.co/storage/v1/object/public/kush-gallery-imgs/1790948093168-kisiki3_2024-02-05.jpg,kisiki3_2024-02-05,2024-02-06,1790948093168-kisiki3_2024-02-05.jpg
https://cgyaunzbdgkleistagbd.supabase.co/storage/v1/object/public/kush-gallery-imgs/1790948094428-kisiki4_2024-02-05.jpg,kisiki4_2024-02-05,2024-02-07,1790948094428-kisiki4_2024-02-05.jpg
https://cgyaunzbdgkleistagbd.supabase.co/storage/v1/object/public/kush-gallery-imgs/1790948095274-kisiki5_2024-02-05.jpg,kisiki5_2024-02-05,2024-02-08,1790948095274-kisiki5_2024-02-05.jpg
https://cgyaunzbdgkleistagbd.supabase.co/storage/v1/object/public/kush-gallery-imgs/1790948096140-kisiki6_2024-02-05.jpg,kisiki6_2024-02-05,2024-02-09,1790948096140-kisiki6_2024-02-05.jpg
https://cgyaunzbdgkleistagbd.supabase.co/storage/v1/object/public/kush-gallery-imgs/1790948096982-kisiki7_2024-02-05.jpg,kisiki7_2024-02-05,2024-02-10,1790948096982-kisiki7_2024-02-05.jpg
https://cgyaunzbdgkleistagbd.supabase.co/storage/v1/object/public/kush-gallery-imgs/1790948097792-kisiki_2024-02-05.jpg,kisiki_2024-02-05,2024-02-11,1790948097792-kisiki_2024-02-05.jpg
https://cgyaunzbdgkleistagbd.supabase.co/storage/v1/object/public/kush-gallery-imgs/1790948098631-kisiki_2024-03-05.jpg,kisiki_2024-03-05,2024-02-12,1790948098631-kisiki_2024-03-05.jpg
https://cgyaunzbdgkleistagbd.supabase.co/storage/v1/object/public/kush-gallery-imgs/1790948100254-kisiki_2024-04-27.jpg,kisiki_2024-04-27,2024-02-13,1790948100254-kisiki_2024-04-27.jpg
https://cgyaunzbdgkleistagbd.supabase.co/storage/v1/object/public/kush-gallery-imgs/1790948101186-kiwanja2_2024-06-10.jpg,kiwanja2_2024-06-10,2024-02-14,1790948101186-kiwanja2_2024-06-10.jpg
https://cgyaunzbdgkleistagbd.supabase.co/storage/v1/object/public/kush-gallery-imgs/1790948102287-kiwanja2_2024-12-16.jpg,kiwanja2_2024-12-16,2024-02-15,1790948102287-kiwanja2_2024-12-16.jpg
https://cgyaunzbdgkleistagbd.supabase.co/storage/v1/object/public/kush-gallery-imgs/1790948103098-kiwanja3_2024-06-10.jpg,kiwanja3_2024-06-10,2024-02-16,1790948103098-kiwanja3_2024-06-10.jpg
https://cgyaunzbdgkleistagbd.supabase.co/storage/v1/object/public/kush-gallery-imgs/1790948103901-kiwanja3_2024-12-16.jpg,kiwanja3_2024-12-16,2024-02-17,1790948103901-kiwanja3_2024-12-16.jpg
https://cgyaunzbdgkleistagbd.supabase.co/storage/v1/object/public/kush-gallery-imgs/1790948104681-kiwanja4_2024-06-10.jpg,kiwanja4_2024-06-10,2024-02-18,1790948104681-kiwanja4_2024-06-10.jpg
https://cgyaunzbdgkleistagbd.supabase.co/storage/v1/object/public/kush-gallery-imgs/1790948105494-kiwanja5_2024-06-10.jpg,kiwanja5_2024-06-10,2024-02-19,1790948105494-kiwanja5_2024-06-10.jpg
https://cgyaunzbdgkleistagbd.supabase.co/storage/v1/object/public/kush-gallery-imgs/1790948106305-kiwanja_2024-02-05.jpg,kiwanja_2024-02-05,2024-02-20,1790948106305-kiwanja_2024-02-05.jpg
https://cgyaunzbdgkleistagbd.supabase.co/storage/v1/object/public/kush-gallery-imgs/1790948107149-kiwanja_2024-03-05.jpg,kiwanja_2024-03-05,2024-02-21,1790948107149-kiwanja_2024-03-05.jpg
https://cgyaunzbdgkleistagbd.supabase.co/storage/v1/object/public/kush-gallery-imgs/1790948107905-kiwanja_2024-06-10.jpg,kiwanja_2024-06-10,2024-02-22,1790948107905-kiwanja_2024-06-10.jpg
https://cgyaunzbdgkleistagbd.supabase.co/storage/v1/object/public/kush-gallery-imgs/1790948108623-kiwanja_2024-06-20.jpg,kiwanja_2024-06-20,2024-02-23,1790948108623-kiwanja_2024-06-20.jpg
https://cgyaunzbdgkleistagbd.supabase.co/storage/v1/object/public/kush-gallery-imgs/1790948109391-kiwanja_2024-12-16.jpg,kiwanja_2024-12-16,2024-02-24,1790948109391-kiwanja_2024-12-16.jpg
https://cgyaunzbdgkleistagbd.supabase.co/storage/v1/object/public/kush-gallery-imgs/1790948110169-msingi2_2024-06-18.jpg,msingi2_2024-06-18,2024-02-25,1790948110169-msingi2_2024-06-18.jpg
https://cgyaunzbdgkleistagbd.supabase.co/storage/v1/object/public/kush-gallery-imgs/1790948110955-msingi_2024-06-10.jpg,msingi_2024-06-10,2024-02-26,1790948110955-msingi_2024-06-10.jpg
https://cgyaunzbdgkleistagbd.supabase.co/storage/v1/object/public/kush-gallery-imgs/1790948112535-msingi_2024-06-18.jpg,msingi_2024-06-18,2024-02-27,1790948112535-msingi_2024-06-18.jpg
https://cgyaunzbdgkleistagbd.supabase.co/storage/v1/object/public/kush-gallery-imgs/1790948113400-msingi_2024-06-21.jpg,msingi_2024-06-21,2024-02-28,1790948113400-msingi_2024-06-21.jpg
https://cgyaunzbdgkleistagbd.supabase.co/storage/v1/object/public/kush-gallery-imgs/1790948114233-msingi_2024-07-02.jpg,msingi_2024-07-02,2024-02-29,1790948114233-msingi_2024-07-02.jpg
https://cgyaunzbdgkleistagbd.supabase.co/storage/v1/object/public/kush-gallery-imgs/1790948115027-msingi_2024-07-06.jpg,msingi_2024-07-06,2024-03-01,1790948115027-msingi_2024-07-06.jpg
https://cgyaunzbdgkleistagbd.supabase.co/storage/v1/object/public/kush-gallery-imgs/1790948115512-nyumba2_2024-08-04.jpg,nyumba2_2024-08-04,2024-03-02,1790948115512-nyumba2_2024-08-04.jpg
https://cgyaunzbdgkleistagbd.supabase.co/storage/v1/object/public/kush-gallery-imgs/1790948116234-nyumba3_2024-08-04.jpg,nyumba3_2024-08-04,2024-03-03,1790948116234-nyumba3_2024-08-04.jpg
https://cgyaunzbdgkleistagbd.supabase.co/storage/v1/object/public/kush-gallery-imgs/1790948116996-nyumba_2024-07-16.jpg,nyumba_2024-07-16,2024-03-04,1790948116996-nyumba_2024-07-16.jpg
https://cgyaunzbdgkleistagbd.supabase.co/storage/v1/object/public/kush-gallery-imgs/1790948117792-nyumba_2024-08-04.jpg,nyumba_2024-08-04,2024-03-05,1790948117792-nyumba_2024-08-04.jpg
https://cgyaunzbdgkleistagbd.supabase.co/storage/v1/object/public/kush-gallery-imgs/1790948118567-nyumba_2024-08-25.jpg,nyumba_2024-08-25,2024-03-06,1790948118567-nyumba_2024-08-25.jpg
https://cgyaunzbdgkleistagbd.supabase.co/storage/v1/object/public/kush-gallery-imgs/1790948119418-nyumba_2024-08-26.jpg,nyumba_2024-08-26,2024-03-07,1790948119418-nyumba_2024-08-26.jpg
